,distance,y
145,1.846997563615067,0.0
102,2.676700394142011,1.0
213,3.5355339059327378,0.0
380,3.5511406618155834,1.0
54,4.5069390943299865,0.0
