,distance,y
145,1.846997563615067,0.0
102,2.676700394142011,1.0
213,3.5355339059327378,0.0
